{
    "0": {
        "0": {
            "coord": {
                "x": 0,
                "y": 0
            },
            "color": 0
        },
        "1": {
            "coord": {
                "x": 0,
                "y": 34.64101615137754
            },
            "color": 0
        },
        "2": {
            "coord": {
                "x": 0,
                "y": 69.28203230275507
            },
            "color": 0
        },
        "3": {
            "coord": {
                "x": 0,
                "y": 103.92304845413263
            },
            "color": 0
        },
        "-3": {
            "coord": {
                "x": 0,
                "y": -103.92304845413263
            },
            "color": 0
        },
        "-2": {
            "coord": {
                "x": 0,
                "y": -69.28203230275508
            },
            "color": 0
        },
        "-1": {
            "coord": {
                "x": 0,
                "y": -34.64101615137754
            },
            "color": 0
        }
    },
    "1": {
        "0": {
            "coord": {
                "x": 30,
                "y": 17.320508075688764
            },
            "color": 0
        },
        "1": {
            "coord": {
                "x": 30,
                "y": 51.961524227066306
            },
            "color": 0
        },
        "2": {
            "coord": {
                "x": 30,
                "y": 86.60254037844383
            },
            "color": 0
        },
        "-3": {
            "coord": {
                "x": 30,
                "y": -86.60254037844386
            },
            "color": 0
        },
        "-2": {
            "coord": {
                "x": 30,
                "y": -51.96152422706632
            },
            "color": 0
        },
        "-1": {
            "coord": {
                "x": 30,
                "y": -17.320508075688778
            },
            "color": 0
        }
    },
    "2": {
        "0": {
            "coord": {
                "x": 60,
                "y": 34.64101615137754
            },
            "color": 0
        },
        "1": {
            "coord": {
                "x": 60,
                "y": 69.28203230275508
            },
            "color": 0
        },
        "-3": {
            "coord": {
                "x": 60,
                "y": -69.28203230275508
            },
            "color": 0
        },
        "-2": {
            "coord": {
                "x": 60,
                "y": -34.64101615137754
            },
            "color": 0
        },
        "-1": {
            "coord": {
                "x": 60,
                "y": 0
            },
            "color": 0
        }
    },
    "3": {
        "0": {
            "coord": {
                "x": 90,
                "y": 51.961524227066306
            },
            "color": 0
        },
        "-3": {
            "coord": {
                "x": 90,
                "y": -51.96152422706632
            },
            "color": 0
        },
        "-2": {
            "coord": {
                "x": 90,
                "y": -17.320508075688778
            },
            "color": 0
        },
        "-1": {
            "coord": {
                "x": 90,
                "y": 17.320508075688764
            },
            "color": 0
        }
    },
    "-3": {
        "0": {
            "coord": {
                "x": -90,
                "y": -51.961524227066306
            },
            "color": 0
        },
        "1": {
            "coord": {
                "x": -90,
                "y": -17.320508075688764
            },
            "color": 0
        },
        "2": {
            "coord": {
                "x": -90,
                "y": 17.320508075688778
            },
            "color": 0
        },
        "3": {
            "coord": {
                "x": -90,
                "y": 51.96152422706632
            },
            "color": 0
        }
    },
    "-2": {
        "0": {
            "coord": {
                "x": -60,
                "y": -34.64101615137754
            },
            "color": 0
        },
        "1": {
            "coord": {
                "x": -60,
                "y": 0
            },
            "color": 0
        },
        "2": {
            "coord": {
                "x": -60,
                "y": 34.64101615137754
            },
            "color": 0
        },
        "3": {
            "coord": {
                "x": -60,
                "y": 69.28203230275508
            },
            "color": 0
        },
        "-1": {
            "coord": {
                "x": -60,
                "y": -69.28203230275508
            },
            "color": 0
        }
    },
    "-1": {
        "0": {
            "coord": {
                "x": -30,
                "y": -17.320508075688764
            },
            "color": 0
        },
        "1": {
            "coord": {
                "x": -30,
                "y": 17.320508075688778
            },
            "color": 0
        },
        "2": {
            "coord": {
                "x": -30,
                "y": 51.96152422706632
            },
            "color": 0
        },
        "3": {
            "coord": {
                "x": -30,
                "y": 86.60254037844385
            },
            "color": 0
        },
        "-2": {
            "coord": {
                "x": -30,
                "y": -86.60254037844385
            },
            "color": 0
        },
        "-1": {
            "coord": {
                "x": -30,
                "y": -51.961524227066306
            },
            "color": 0
        }
    }
}